dataset,relpath,bytes,sha256,source_url,retrieved_at_utc
jwst_geometry,jwst_geometry/James_Webb_Space_Telescope_B.glb,1004248,4958e61e5a564f2efcc32cd516b9d36ea0b9bc644f64dbcfe182ce8a422ae526,https://assets.science.nasa.gov/content/dam/science/cds/3d/resources/model/james-webb-space-telescope-%28b%29/James%20Webb%20Space%20Telescope%20%28B%29.glb,2026-06-30T00:11:48Z
jwst_imagery_fits,jwst_imagery_fits/ngc3132/hlsp_jwst-ero_jwst_miri_ngc3132_f770w_v1_i2d.fits,57680640,3361da7a04188bde0e6b4d3a9b0526e52b38cda997f240ec770a975383151b84,https://archive.stsci.edu/hlsps/jwst-ero/hlsp_jwst-ero_jwst_miri_ngc3132_f770w_v1_i2d.fits,2026-06-30T00:11:48Z
jwst_imagery_fits,jwst_imagery_fits/ngc3132/hlsp_jwst-ero_jwst_miri_ngc3132_f1130w_v1_i2d.fits,57680640,7ac6a34761e2327c1e0702c61d8f1c1dba247a15f6c63ef9307e1a1e1dcb3a8a,https://archive.stsci.edu/hlsps/jwst-ero/hlsp_jwst-ero_jwst_miri_ngc3132_f1130w_v1_i2d.fits,2026-06-30T00:11:48Z
jwst_imagery_fits,jwst_imagery_fits/ngc3132/hlsp_jwst-ero_jwst_miri_ngc3132_f1280w_v1_i2d.fits,57680640,b4840de6031678b9f930261f0410fbc93e96c91097cf291f7a2b11f159849429,https://archive.stsci.edu/hlsps/jwst-ero/hlsp_jwst-ero_jwst_miri_ngc3132_f1280w_v1_i2d.fits,2026-06-30T00:11:48Z
jwst_imagery_fits,jwst_imagery_fits/ngc3132/hlsp_jwst-ero_jwst_miri_ngc3132_f1800w_v1_i2d.fits,57680640,2f69468df207f93cd9df9baefc13052dbe8f1d8ffac738c306bb6b11c1c56fd8,https://archive.stsci.edu/hlsps/jwst-ero/hlsp_jwst-ero_jwst_miri_ngc3132_f1800w_v1_i2d.fits,2026-06-30T00:11:48Z
jwst_imagery_fits,jwst_imagery_fits/ngc3132/official_download_script.sh,730,c355fccfd62c53feff0d69f69a273a9f9e8b3f57ba676933e4af756b87bdd705,https://archive.stsci.edu/hlsps/jwst-ero/download_scripts/hlsp_jwst-ero_jwst_miri_ngc3132_multi_v1_download.sh,2026-06-30T00:11:48Z
jwst_imagery_fits,jwst_imagery_fits/wr140/jw01349058001_07101_00006_mirimage_i2d.fits,29468160,c963d3f6b5de4afac61d354e29ee097c9d9c677cc141f55a0934cc09bb03b864,MAST:WR140/MIRI/I2D,2026-06-30T00:16:05Z
jwst_imagery_fits,jwst_imagery_fits/wr140/jw01349001001_03106_00002_mirimage_i2d.fits,29468160,48a4b1c62138a6e1a11914eef96e8f09282b2c924f9dab05406092fdca3436c1,MAST:WR140/MIRI/I2D,2026-06-30T00:16:05Z
jwst_imagery_fits,jwst_imagery_fits/wr140/jw03823004001_02101_00008_mirimage_i2d.fits,29468160,018050c4a6a0cebd83faae6add32f084b065d385f77b2edb13aca08316c09277,MAST:WR140/MIRI/I2D,2026-06-30T00:16:05Z
jwst_imagery_fits,jwst_imagery_fits/wr140/jw01349-o001_t002_miri_f560w_i2d.fits,30326400,c3841091f42ff3b6afc6a0e66524268e5c95a27753d7d3c547d438a99d1f3d14,MAST:WR140/MIRI/I2D,2026-06-30T00:16:05Z
jwst_imagery_fits,jwst_imagery_fits/wr140/jw03823004001_02101_00003_mirimage_i2d.fits,29468160,1264f924315ecc1e275d2d04050d561d934cd64aadd86fa4be86f47434c5efa2,MAST:WR140/MIRI/I2D,2026-06-30T00:16:05Z
jwst_imagery_fits,jwst_imagery_fits/wr140/jw03823004001_04101_00012_mirimage_i2d.fits,29468160,3856455db15a385d6d90ea4a8f28ee55e5052b87333239c61a3b1523c8077aa7,MAST:WR140/MIRI/I2D,2026-06-30T00:16:05Z
jwst_imagery_fits,jwst_imagery_fits/wr140/jw03823004001_04101_00007_mirimage_i2d.fits,29468160,9fdcb8f9d55379715cdc034f4481784481b873723b3e81a1568411d38aa5b929,MAST:WR140/MIRI/I2D,2026-06-30T00:16:05Z
jwst_imagery_fits,jwst_imagery_fits/wr140/jw01349058001_03101_00005_mirimage_i2d.fits,29468160,a5b24cfdcd670ef7d7c5c2f5cf0f3f5cbc51c96f2fb99fb2a9fc320e45920e2d,MAST:WR140/MIRI/I2D,2026-06-30T00:16:05Z
jwst_imagery_fits,jwst_imagery_fits/wr140/jw01349058001_05101_00001_mirimage_i2d.fits,29468160,94422668415cd5339653e795fb558d57741dae6654fd9695daeccf62083f030f,MAST:WR140/MIRI/I2D,2026-06-30T00:16:06Z
jwst_imagery_fits,jwst_imagery_fits/wr140/jw01349058001_03101_00010_mirimage_i2d.fits,29468160,f03d6774866b3bef3c3a962ae757c9509a942044a2f7ccfd5bd725ad1ca4372e,MAST:WR140/MIRI/I2D,2026-06-30T00:16:06Z
jwst_imagery_fits,jwst_imagery_fits/wr140/jw01349001001_03104_00001_mirimage_i2d.fits,29468160,20c069fca6531a69d3757298ffb804ac486467f9ece51c9764f29f0290971db6,MAST:WR140/MIRI/I2D,2026-06-30T00:16:06Z
jwst_imagery_fits,jwst_imagery_fits/wr140/jw01349001001_03102_00002_mirimage_i2d.fits,29468160,528709a0f2b68ae16be66cc383d9ffe0cd5752e3c801a6c5c79838db56f30434,MAST:WR140/MIRI/I2D,2026-06-30T00:16:06Z
jwst_imagery_fits,jwst_imagery_fits/wr140/jw03823004001_06101_00006_mirimage_i2d.fits,29468160,a6ea9e8e3ae3a00e2ad6b362c129ee4ed7856f81cf2b3657667b76bb4b5c837d,MAST:WR140/MIRI/I2D,2026-06-30T00:16:06Z
jwst_imagery_fits,jwst_imagery_fits/wr140/jw01349058001_03101_00008_mirimage_i2d.fits,29468160,372c5cdc20688ee85fe55b746edba876103d63810b179653f3c0de556ecd5036,MAST:WR140/MIRI/I2D,2026-06-30T00:16:06Z
jwst_imagery_fits,jwst_imagery_fits/wr140/jw01349001001_03102_00004_mirimage_i2d.fits,29468160,f39b12a633bc1e51e245ef7cd86a8c73d7ff388b8d14aa35f490299c212d4383,MAST:WR140/MIRI/I2D,2026-06-30T00:16:06Z
jwst_imagery_fits,jwst_imagery_fits/wr140/jw01349058001_03101_00003_mirimage_i2d.fits,29468160,51f01acd2bd2b167a68b7307b2b4acbb9b6eaeec597750e7646e80a8bc04c676,MAST:WR140/MIRI/I2D,2026-06-30T00:16:06Z
jwst_imagery_fits,jwst_imagery_fits/wr140/jw01349-o058_t001_miri_f1500w_i2d.fits,42235200,f7e7d1237d061bf75c15e90419914c1788d2c02adee9312a1a8706fcc191c2c7,MAST:WR140/MIRI/I2D,2026-06-30T00:16:06Z
jwst_imagery_fits,jwst_imagery_fits/wr140/jw01349010001_02103_00003_mirimage_i2d.fits,29468160,837085fa0735992bdea19791f6caa7706cbf9a13d0c04adbb43f2778be460b7e,MAST:WR140/MIRI/I2D,2026-06-30T00:16:06Z
jwst_imagery_fits,jwst_imagery_fits/wr140/jw01349058001_05101_00012_mirimage_i2d.fits,29468160,45670cd208a2ccd3934f8e54507ae518bed5d7b4cc14e25ad782a6dbf162c840,MAST:WR140/MIRI/I2D,2026-06-30T00:16:06Z
jwst_imagery_fits,jwst_imagery_fits/wr140/jw01349058001_05101_00007_mirimage_i2d.fits,29468160,7df7fc1b636aaf44da63fb20c6396ad4c9496775afe6e01e2419b80cd72f0b8b,MAST:WR140/MIRI/I2D,2026-06-30T00:16:06Z
jwst_imagery_fits,jwst_imagery_fits/wr140/jw03823004001_02101_00005_mirimage_i2d.fits,29468160,a6ce2a03e658ca4da29d61c7e2ad53f45bb5596d2bcf65b11a0c71af0d22738d,MAST:WR140/MIRI/I2D,2026-06-30T00:16:06Z
jwst_imagery_fits,jwst_imagery_fits/wr140/jw03823004001_04101_00001_mirimage_i2d.fits,29468160,d7ef8927108e05018d269c8116c3e1b1ce15b7ff040abce02bbc67bd6a9347b2,MAST:WR140/MIRI/I2D,2026-06-30T00:16:06Z
jwst_imagery_fits,jwst_imagery_fits/wr140/jw03823004001_02101_00010_mirimage_i2d.fits,29468160,a0ac38c689f558d9571bb115e782d46c5babe8951ba03e5ba0cf5141857e8b4a,MAST:WR140/MIRI/I2D,2026-06-30T00:16:06Z
jwst_imagery_fits,jwst_imagery_fits/wr140/jw01349001001_03106_00004_mirimage_i2d.fits,29468160,be2c203de0a73a469c254d16aaf22399dc5741f6d1cec236e349556130e14ba3,MAST:WR140/MIRI/I2D,2026-06-30T00:16:06Z
jwst_imagery_fits,jwst_imagery_fits/wr140/jw03823004001_02101_00002_mirimage_i2d.fits,29468160,6fb180182727d5373857789a3287badd9ba2ff5d69d946ebe4334ee8981ea6b5,MAST:WR140/MIRI/I2D,2026-06-30T00:16:06Z
jwst_imagery_fits,jwst_imagery_fits/wr140/jw03823004001_04101_00006_mirimage_i2d.fits,29468160,b70cb17d7124e81a41e261cfcbe9790890ad37fd3bf35743dd651c8a630422cb,MAST:WR140/MIRI/I2D,2026-06-30T00:16:06Z
jwst_imagery_fits,jwst_imagery_fits/wr140/jw01349001001_03106_00003_mirimage_i2d.fits,29468160,713bf568027c7f0cf855452c3dbe926433224c8fa4fd5d95c84e58acb9e69f06,MAST:WR140/MIRI/I2D,2026-06-30T00:16:06Z
jwst_imagery_fits,jwst_imagery_fits/wr140/jw01349-o001_t002_miri_f1800w_i2d.fits,29908800,05ab1dbbff4992535dff1fcd908ce3fe6bef876160e92668c2377e622a23e56a,MAST:WR140/MIRI/I2D,2026-06-30T00:16:06Z
jwst_imagery_fits,jwst_imagery_fits/wr140/jw03823004001_02101_00009_mirimage_i2d.fits,29468160,67a1652832a4578437fdb517fe74902a5b66935b2f7ab35c5c7ed7bad9e23ee3,MAST:WR140/MIRI/I2D,2026-06-30T00:16:06Z
jwst_imagery_fits,jwst_imagery_fits/wr140/jw01349058001_07101_00007_mirimage_i2d.fits,29468160,baad1dd782e50e59ef0b103abb9742dc7c9af5bee20756b056edd6275b9b0cd4,MAST:WR140/MIRI/I2D,2026-06-30T00:16:06Z
jwst_imagery_fits,jwst_imagery_fits/wr140/jw01349058001_07101_00012_mirimage_i2d.fits,29468160,edf9433fb1bee6cd9856f0de158d32be80a5b53d179628e17fb65f17e8f899cf,MAST:WR140/MIRI/I2D,2026-06-30T00:16:06Z
jwst_imagery_fits,jwst_imagery_fits/wr140/jw03823004001_06101_00001_mirimage_i2d.fits,29468160,475f545007d3519c848db930032e0af9d51b93ef86b62e9e5fd97a98f2e7d33d,MAST:WR140/MIRI/I2D,2026-06-30T00:16:06Z
jwst_imagery_fits,jwst_imagery_fits/wr140/jw01349001001_03102_00003_mirimage_i2d.fits,29468160,8da2e1d857b2e811d1516fdaa4121ae1a4f75b3c4e8aaa2d809add712a54f092,MAST:WR140/MIRI/I2D,2026-06-30T00:16:06Z
jwst_imagery_fits,jwst_imagery_fits/wr140/jw01349058001_03101_00004_mirimage_i2d.fits,29468160,da8cd63b1683ed190ee08ced307d5bced9195ed34e9cb5198fc4eb36ce973fe1,MAST:WR140/MIRI/I2D,2026-06-30T00:16:06Z
jwst_imagery_fits,jwst_imagery_fits/wr140/jw01349010001_02103_00004_mirimage_i2d.fits,29468160,4ea735883e93c89a7e22f86bd882ec434605b0d1a61b9e07d2d69cae4e60a9c8,MAST:WR140/MIRI/I2D,2026-06-30T00:16:06Z
jwst_imagery_fits,jwst_imagery_fits/wr140/jw01349058001_03101_00011_mirimage_i2d.fits,29468160,d51de03cbfa1dd6de638ff809905f6bce34ab2183ee042225c5636c79be24958,MAST:WR140/MIRI/I2D,2026-06-30T00:16:06Z
jwst_imagery_fits,jwst_imagery_fits/wr140/jw01349010001_02103_00002_mirimage_i2d.fits,29468160,2b5f757bee2afe97888aabea236ee252c9ba39fcd9b9d1c3d9d9c8fdcb7a3037,MAST:WR140/MIRI/I2D,2026-06-30T00:16:06Z
jwst_imagery_fits,jwst_imagery_fits/wr140/jw01349058001_03101_00002_mirimage_i2d.fits,29468160,251a77d2846745411b52a9bff0e635ff23729871c60b103b08d1dfcda45be52e,MAST:WR140/MIRI/I2D,2026-06-30T00:16:06Z
jwst_imagery_fits,jwst_imagery_fits/wr140/jw01349058001_05101_00006_mirimage_i2d.fits,29468160,7370bba1810079cf6f5bdd7151eddcd9c530d53b9a44e6908643cfd86bef5d34,MAST:WR140/MIRI/I2D,2026-06-30T00:16:06Z
jwst_imagery_fits,jwst_imagery_fits/wr140/jw01349-o058_t001_miri_f2100w_i2d.fits,42252480,a1aad7e52ce89b95c1904d0062bdd8d329eb077fb46e9b5357006931f1ec7222,MAST:WR140/MIRI/I2D,2026-06-30T00:16:06Z
jwst_imagery_fits,jwst_imagery_fits/wr140/jw01349058001_03101_00009_mirimage_i2d.fits,29468160,61600cc491e4012e1a53c532de19dd364d98cc6bb30065dcc12357f7010d4e4e,MAST:WR140/MIRI/I2D,2026-06-30T00:16:06Z
jwst_imagery_fits,jwst_imagery_fits/wr140/jw03823004001_06101_00007_mirimage_i2d.fits,29468160,77e1b3dcb343912127f3ab18058a83ccb102369a44c8318d296b72d6455b07f0,MAST:WR140/MIRI/I2D,2026-06-30T00:16:07Z
jwst_imagery_fits,jwst_imagery_fits/wr140/jw01349010001_02105_00001_mirimage_i2d.fits,29468160,9fe3726e36cdd6aa6c2d2e2c112cf70eb7ef3cf22fe2adce8cbddc865b6ca6f1,MAST:WR140/MIRI/I2D,2026-06-30T00:16:07Z
jwst_imagery_fits,jwst_imagery_fits/wr140/jw03823004001_06101_00012_mirimage_i2d.fits,29468160,dcdf76a18c64718f1fb62565173ae9b32170472fb9a86f9f76f935427a760cd8,MAST:WR140/MIRI/I2D,2026-06-30T00:16:07Z
jwst_imagery_fits,jwst_imagery_fits/wr140/jw01349010001_02101_00001_mirimage_i2d.fits,29468160,0ee74f601403279da8d7af51c3c688f6fd38cdd76e2b7c365ee50edeee4134c8,MAST:WR140/MIRI/I2D,2026-06-30T00:16:07Z
jwst_imagery_fits,jwst_imagery_fits/wr140/jw01349058001_07101_00001_mirimage_i2d.fits,29468160,b3b7b6352fe625f1c1ec93b7ed5531ec951aab327a35a0b32de902934a0c5750,MAST:WR140/MIRI/I2D,2026-06-30T00:16:07Z
jwst_imagery_fits,jwst_imagery_fits/wr140/jw03823004001_02101_00004_mirimage_i2d.fits,29468160,3b2e0cf34bcb52f174eb89af8703559dc1a25144a2fb3600216fcf9ee9e43ca3,MAST:WR140/MIRI/I2D,2026-06-30T00:16:07Z
jwst_imagery_fits,jwst_imagery_fits/wr140/jw03823004001_02101_00011_mirimage_i2d.fits,29468160,88e33847d33c99696b1486b8b50591c93349a3df1d99e212f01041bd092ef91a,MAST:WR140/MIRI/I2D,2026-06-30T00:16:07Z
jwst_imagery_fits,jwst_imagery_fits/wr140/jw01349058001_05101_00008_mirimage_i2d.fits,29468160,357459aa9763e18b4beabc24f0522a84beb2c0ed02a4719d56e00d189ec15111,MAST:WR140/MIRI/I2D,2026-06-30T00:16:07Z
jwst_imagery_fits,jwst_imagery_fits/wr140/jw01349010001_02105_00004_mirimage_i2d.fits,29468160,e75119b8feeab20ec142f84bd552d9945140384f3638243d589f9e6d9ad10af0,MAST:WR140/MIRI/I2D,2026-06-30T00:16:07Z
jwst_imagery_fits,jwst_imagery_fits/wr140/jw03823004001_06101_00002_mirimage_i2d.fits,29468160,b0aa29d0127d66b37ea86cb9c34afcc87dbc8d16b37562d448351ce2e06f5f12,MAST:WR140/MIRI/I2D,2026-06-30T00:16:07Z
jwst_imagery_fits,jwst_imagery_fits/wr140/jw01349058001_05101_00003_mirimage_i2d.fits,29468160,94c78a9926adafaa2185d8f8370d54e42a10cf92b0ef9b192b957acb0070822d,MAST:WR140/MIRI/I2D,2026-06-30T00:16:07Z
jwst_imagery_fits,jwst_imagery_fits/wr140/jw01349058001_03101_00012_mirimage_i2d.fits,29468160,c6e5cec1646db4e18f62b76aa9131d8c406d0fe090a6d5517fa854f33f1fc4fb,MAST:WR140/MIRI/I2D,2026-06-30T00:16:07Z
jwst_imagery_fits,jwst_imagery_fits/wr140/jw01349058001_03101_00007_mirimage_i2d.fits,29468160,e1d13f4e4b9db417c9641614e9faaecd54e9fafbd82101d53b7345ada70cd1e1,MAST:WR140/MIRI/I2D,2026-06-30T00:16:07Z
jwst_imagery_fits,jwst_imagery_fits/wr140/jw03823004001_06101_00009_mirimage_i2d.fits,29468160,eb881d12bfec9260539ecc21064be4d20a4b746428c4ffb3c90e32f089b58a6f,MAST:WR140/MIRI/I2D,2026-06-30T00:16:07Z
jwst_imagery_fits,jwst_imagery_fits/wr140/jw01349001001_03104_00003_mirimage_i2d.fits,29468160,c1e2a87e490395a48d9ff8de1f31b9fab5dc08ee0726cb041c493261f4dcb72b,MAST:WR140/MIRI/I2D,2026-06-30T00:16:07Z
jwst_imagery_fits,jwst_imagery_fits/wr140/jw03823004001_04101_00005_mirimage_i2d.fits,29468160,49e0469e9f2d5f4db77180441b4f4dd82be8622bca56cf7b05e7a93701893d26,MAST:WR140/MIRI/I2D,2026-06-30T00:16:07Z
jwst_imagery_fits,jwst_imagery_fits/wr140/jw03823004001_02101_00001_mirimage_i2d.fits,29468160,b4b703d8c744d07bf7b2b5d826cb266f379e84f21d15ac2a8305bf38873bd149,MAST:WR140/MIRI/I2D,2026-06-30T00:16:07Z
jwst_imagery_fits,jwst_imagery_fits/wr140/jw03823004001_04101_00010_mirimage_i2d.fits,29468160,cca070034ff045348f480940c5bd63cd00675317846ee53b255bdf4864a53efb,MAST:WR140/MIRI/I2D,2026-06-30T00:16:07Z
jwst_imagery_fits,jwst_imagery_fits/wr140/jw01349058001_07101_00011_mirimage_i2d.fits,29468160,82982030e657ebb5555ef2ecfeed0fb2c450aba091f1d25f06ced13d90423c01,MAST:WR140/MIRI/I2D,2026-06-30T00:16:07Z
jwst_imagery_fits,jwst_imagery_fits/wr140/jw01349010001_02101_00004_mirimage_i2d.fits,29468160,d2de7b5af2f101eca94d3a0fbfebf34f6069588c252a1e877af3bd12c7b9c287,MAST:WR140/MIRI/I2D,2026-06-30T00:16:07Z
jwst_imagery_fits,jwst_imagery_fits/wr140/jw01349058001_07101_00004_mirimage_i2d.fits,29468160,c1c651b45ef82101dcd278ad24ef1e008024f11d54d920b01d78719f0fdaf6b4,MAST:WR140/MIRI/I2D,2026-06-30T00:16:07Z
jwst_imagery_fits,jwst_imagery_fits/wr140/jw01349-o010_t003_miri_f1500w_i2d.fits,29905920,2eacdbbda127ba508a41149d60107054c97fd616300f64d3918ac3a169a0f352,MAST:WR140/MIRI/I2D,2026-06-30T00:16:07Z
jwst_imagery_fits,jwst_imagery_fits/wr140/jw03823004001_04101_00008_mirimage_i2d.fits,29468160,0fd35bbf4bd04cbc63c09fd1c47ad4ff2d8d669f28cf8c219f1845366b08a74b,MAST:WR140/MIRI/I2D,2026-06-30T00:16:07Z
jwst_imagery_fits,jwst_imagery_fits/wr140/jw01349058001_07101_00002_mirimage_i2d.fits,29468160,b445dec4b8efd42d9f52036ae80684363e46bd9939ad3d5749c008d7053b9b4a,MAST:WR140/MIRI/I2D,2026-06-30T00:16:07Z
jwst_imagery_fits,jwst_imagery_fits/wr140/jw01349010001_02101_00002_mirimage_i2d.fits,29468160,bd1463a5ae08dc23ffdf556009fe266606375ad4998a00758d500135c8739fde,MAST:WR140/MIRI/I2D,2026-06-30T00:16:07Z
jwst_imagery_fits,jwst_imagery_fits/wr140/jw03823-o004_t009_miri_f1500w_i2d.fits,42235200,479443da132b6fee0e916ddb2fe48fca6f6b91ec0c0fa3a113d84563fa90cbab,MAST:WR140/MIRI/I2D,2026-06-30T00:16:07Z
jwst_imagery_fits,jwst_imagery_fits/wr140/jw03823004001_04101_00003_mirimage_i2d.fits,29468160,cfebaa692e8e7f7db72cc0c3fb9aae0bf71c85e170504bd8700110c3d360a475,MAST:WR140/MIRI/I2D,2026-06-30T00:16:07Z
jwst_imagery_fits,jwst_imagery_fits/wr140/jw03823004001_02101_00012_mirimage_i2d.fits,29468160,3397eb83e1a7b159a677b421b55a0775826191d85e4a382ea57144c9f1c26797,MAST:WR140/MIRI/I2D,2026-06-30T00:16:07Z
jwst_imagery_fits,jwst_imagery_fits/wr140/jw03823004001_02101_00007_mirimage_i2d.fits,29468160,25501255209cefa4e6e14575feae1be190516372243be466aa1e80b03f118504,MAST:WR140/MIRI/I2D,2026-06-30T00:16:07Z
jwst_imagery_fits,jwst_imagery_fits/wr140/jw01349058001_07101_00009_mirimage_i2d.fits,29468160,7328b88b05966b99d54342ad86f8300fba10dc8d813a08af29df87a27701c86b,MAST:WR140/MIRI/I2D,2026-06-30T00:16:07Z
jwst_imagery_fits,jwst_imagery_fits/wr140/jw01349058001_05101_00005_mirimage_i2d.fits,29468160,d17572c8577d86e8ce2613a85fe3bd1d3f1aebda700e90f5076e80c292c00b5d,MAST:WR140/MIRI/I2D,2026-06-30T00:16:07Z
jwst_imagery_fits,jwst_imagery_fits/wr140/jw01349058001_03101_00001_mirimage_i2d.fits,29468160,0dc87f7a4cd32fbc59c999b582dd87e4c2fa09465fa9ce4c8364993dc7a559df,MAST:WR140/MIRI/I2D,2026-06-30T00:16:07Z
jwst_imagery_fits,jwst_imagery_fits/wr140/jw01349058001_05101_00010_mirimage_i2d.fits,29468160,e9ddc8a4dfee746d186fd443e2b83c01cd31a3e9da00ce3dd004cc699c09d3ed,MAST:WR140/MIRI/I2D,2026-06-30T00:16:08Z
jwst_imagery_fits,jwst_imagery_fits/wr140/jw01349010001_02103_00001_mirimage_i2d.fits,29468160,3bbc08262493e6e1ead87f736dfd8f924f16bf85a63566caec9855f331500f96,MAST:WR140/MIRI/I2D,2026-06-30T00:16:08Z
jwst_imagery_fits,jwst_imagery_fits/wr140/jw03823004001_06101_00011_mirimage_i2d.fits,29468160,96d32c0571575e80e3b14d213c59d3a0f3d0f075504a23ebceafee3f5a73907e,MAST:WR140/MIRI/I2D,2026-06-30T00:16:08Z
jwst_imagery_fits,jwst_imagery_fits/wr140/jw01349010001_02105_00002_mirimage_i2d.fits,29468160,bca4569ae8e6c16e7cd45f956583d085464e8875492f94a75a37e9f75783fa66,MAST:WR140/MIRI/I2D,2026-06-30T00:16:08Z
jwst_imagery_fits,jwst_imagery_fits/wr140/jw03823004001_06101_00004_mirimage_i2d.fits,29468160,a08da83210ac835dc389a8dbb3042f666830936e0c682eac1fcd8083715e08db,MAST:WR140/MIRI/I2D,2026-06-30T00:16:08Z
jwst_imagery_fits,jwst_imagery_fits/wr140/jw03823004001_06101_00008_mirimage_i2d.fits,29468160,3b5351534fd744d30ab0f851b9a9b246f8fb1ee285dd322617c1062716c37984,MAST:WR140/MIRI/I2D,2026-06-30T00:16:08Z
jwst_imagery_fits,jwst_imagery_fits/wr140/jw01349-o058_t001_miri_f770w_i2d.fits,42235200,93f3f27ae760dc74c6cb7a38a79f633e5ddea0f9bdfd52ba8c2c5f9f028595c5,MAST:WR140/MIRI/I2D,2026-06-30T00:16:08Z
jwst_imagery_fits,jwst_imagery_fits/wr140/jw01349001001_03104_00002_mirimage_i2d.fits,29468160,85308140b7259dc0e03018d40af222c11af7f931c633b892d4165f059e0d1503,MAST:WR140/MIRI/I2D,2026-06-30T00:16:08Z
jwst_imagery_fits,jwst_imagery_fits/wr140/jw01349058001_05101_00002_mirimage_i2d.fits,29468160,ef9e81e1800e93b956f945523459c1ae20d701536eacbd8c69f2c3a1c27b95dd,MAST:WR140/MIRI/I2D,2026-06-30T00:16:08Z
jwst_imagery_fits,jwst_imagery_fits/wr140/jw01349058001_03101_00006_mirimage_i2d.fits,29468160,17a5fd73fecc315df49c4dda63fafdf0cd4b03970a30012c566e6783ee0f25ce,MAST:WR140/MIRI/I2D,2026-06-30T00:16:08Z
jwst_imagery_fits,jwst_imagery_fits/wr140/jw03823004001_06101_00003_mirimage_i2d.fits,29468160,414907834b9d42d53efccee0722d3e05524739b93cf75aad0a5d56fde542f6cb,MAST:WR140/MIRI/I2D,2026-06-30T00:16:08Z
jwst_imagery_fits,jwst_imagery_fits/wr140/jw01349001001_03102_00001_mirimage_i2d.fits,29468160,12ae1547e299001b48b11f5d58375e521703c243a223d9922e79531c18ff0ec3,MAST:WR140/MIRI/I2D,2026-06-30T00:16:08Z
jwst_imagery_fits,jwst_imagery_fits/wr140/jw01349058001_05101_00009_mirimage_i2d.fits,29468160,aefc75c159db9dd480cbb73528cdf5fb9e6fb843b813596ef0831055c8569b42,MAST:WR140/MIRI/I2D,2026-06-30T00:16:08Z
jwst_imagery_fits,jwst_imagery_fits/wr140/jw01349001001_03106_00001_mirimage_i2d.fits,29468160,a2db3b89815510620582b79956ba8555ce97ef37bf8a5327860d9e001b57b234,MAST:WR140/MIRI/I2D,2026-06-30T00:16:08Z
jwst_imagery_fits,jwst_imagery_fits/wr140/jw01349058001_07101_00010_mirimage_i2d.fits,29468160,fd1257a7efd3af3e1b61720d810610e3592c363e2f4638642288b224fe9541c8,MAST:WR140/MIRI/I2D,2026-06-30T00:16:08Z
jwst_imagery_fits,jwst_imagery_fits/wr140/jw01349058001_07101_00005_mirimage_i2d.fits,29468160,fc202853e39071baeda245be93d375597d61ce723d2a880bee1bb18bbdc10ce9,MAST:WR140/MIRI/I2D,2026-06-30T00:16:08Z
jwst_imagery_fits,jwst_imagery_fits/wr140/jw03823004001_04101_00004_mirimage_i2d.fits,29468160,0acc430e68a08a5c1bcadee5a7c699e794f6ed92280d6e004a1a8df4c74b0d27,MAST:WR140/MIRI/I2D,2026-06-30T00:16:08Z
jwst_imagery_fits,jwst_imagery_fits/wr140/jw03823004001_04101_00011_mirimage_i2d.fits,29468160,155f757062d39f23726bc64dab8171b8f1b665f542a4068a93839af0a030ce25,MAST:WR140/MIRI/I2D,2026-06-30T00:16:08Z
jwst_imagery_fits,jwst_imagery_fits/wr140/jw01349-o010_t003_miri_f2100w_i2d.fits,29784960,9eccb0063f0bf000739db5e6a28d6ac56e43a84137efc044042740a8b6a223a2,MAST:WR140/MIRI/I2D,2026-06-30T00:16:08Z
jwst_imagery_fits,jwst_imagery_fits/wr140/jw01349058001_07101_00008_mirimage_i2d.fits,29468160,d6e346abed12f0894b9be834c027b854f3ec89f4410325395fea0b65555f9fa3,MAST:WR140/MIRI/I2D,2026-06-30T00:16:08Z
jwst_imagery_fits,jwst_imagery_fits/wr140/jw03823004001_04101_00002_mirimage_i2d.fits,29468160,c2ce7b72b57b1d789a7116687a46390535804003961cbaca1a80d343e24b0998,MAST:WR140/MIRI/I2D,2026-06-30T00:16:08Z
jwst_imagery_fits,jwst_imagery_fits/wr140/jw03823004001_02101_00006_mirimage_i2d.fits,29468160,acc4e8b064df671b379e44397c677838af9e747d0cab95d7e5cf37b36e4e68f0,MAST:WR140/MIRI/I2D,2026-06-30T00:16:08Z
jwst_imagery_fits,jwst_imagery_fits/wr140/jw01349058001_07101_00003_mirimage_i2d.fits,29468160,b665cbc896f6f9ef367a902a1cf798835851ca22f5aba1e422f1698d51c31f82,MAST:WR140/MIRI/I2D,2026-06-30T00:16:08Z
jwst_imagery_fits,jwst_imagery_fits/wr140/jw01349010001_02101_00003_mirimage_i2d.fits,29468160,646eff932c9e79fc7960d2ca66c480cdffd32202073fc5eaf06cd2eb1df554ea,MAST:WR140/MIRI/I2D,2026-06-30T00:16:08Z
jwst_imagery_fits,jwst_imagery_fits/wr140/jw03823-o004_t009_miri_f2100w_i2d.fits,42232320,f4f4d5cf1a3fd9e97971d4724937b90387aa684c968d27e8dc90380680a4fd10,MAST:WR140/MIRI/I2D,2026-06-30T00:16:08Z
jwst_imagery_fits,jwst_imagery_fits/wr140/jw03823004001_04101_00009_mirimage_i2d.fits,29468160,cf15ed6a44e626b90b747f4498949f43ad7bd52aac73d0abbae74f80b59c5778,MAST:WR140/MIRI/I2D,2026-06-30T00:16:08Z
jwst_imagery_fits,jwst_imagery_fits/wr140/jw01349-o001_t002_miri_f1000w_i2d.fits,29905920,2eafdb5b639bec08ad7244c0b3d4192944e553f0b15f6e63a9d8d42114f7bcc0,MAST:WR140/MIRI/I2D,2026-06-30T00:16:08Z
jwst_imagery_fits,jwst_imagery_fits/wr140/jw01349010001_02105_00003_mirimage_i2d.fits,29468160,2da0a6015331f94dfc024f85812a66e08792650234d8571388378930d61fa1d9,MAST:WR140/MIRI/I2D,2026-06-30T00:16:08Z
jwst_imagery_fits,jwst_imagery_fits/wr140/jw03823004001_06101_00010_mirimage_i2d.fits,29468160,aaad9680600ba9e0c9cd4ed7c318552c5cc476bb06d810b66879fd178f9fb98a,MAST:WR140/MIRI/I2D,2026-06-30T00:16:08Z
jwst_imagery_fits,jwst_imagery_fits/wr140/jw03823004001_06101_00005_mirimage_i2d.fits,29468160,5d0c0bf76e6fe81e8de06c653b7c6e35dd0e03835d67a635c483bc43a7c7d57e,MAST:WR140/MIRI/I2D,2026-06-30T00:16:08Z
jwst_imagery_fits,jwst_imagery_fits/wr140/jw01349058001_05101_00004_mirimage_i2d.fits,29468160,fa0738a9a0a0f9276e814e58a55370b7f3390170d51c6c64c69c0a484b73ac8e,MAST:WR140/MIRI/I2D,2026-06-30T00:16:08Z
jwst_imagery_fits,jwst_imagery_fits/wr140/jw01349058001_05101_00011_mirimage_i2d.fits,29468160,8e248a7c380c2585b04c510db06ab52295f0f1d1a23b7ce8304cd8b87233da35,MAST:WR140/MIRI/I2D,2026-06-30T00:16:08Z
jwst_imagery_fits,jwst_imagery_fits/wr140/jw03823-o004_t009_miri_f770w_i2d.fits,42235200,7c54f0118739fffe60adb65424a467ceed4fff50235667bc136c448b8bad141f,MAST:WR140/MIRI/I2D,2026-06-30T00:16:08Z
jwst_imagery_fits,jwst_imagery_fits/wr140/jw01349-o010_t003_miri_f770w_i2d.fits,31034880,e49b7037baf7bb9da775374d068c3eae03051e21e066c2c7d565480447429daa,MAST:WR140/MIRI/I2D,2026-06-30T00:16:09Z
jwst_imagery_fits,jwst_imagery_fits/wr140/jw01349001001_03104_00004_mirimage_i2d.fits,29468160,becaf7ca3324dd07d2be87142da558a004bd778f10d76f18004a3c24677fb5ae,MAST:WR140/MIRI/I2D,2026-06-30T00:16:09Z
ifu_cubes,ifu_cubes/wr_140/jw01349010001_02105_00001_mirifushort_s3d.fits,150062400,ff9fc42d9867b1e8b9f5cc0a839d9a5c0ef287937d237a0f544def27aa109887,MAST:WR 140/NIRSpec/IFU/S3D,2026-06-30T00:27:51Z
ifu_cubes,ifu_cubes/wr_140/jw01349010001_02105_00001_mirifulong_s3d.fits,107657280,9ab2f53b9759518a7e122ae195122c968768ec0e7d958b6bc06c4751688bdf7d,MAST:WR 140/NIRSpec/IFU/S3D,2026-06-30T00:27:51Z
ifu_cubes,ifu_cubes/wr_140/jw01349010001_02101_00004_mirifushort_s3d.fits,162455040,06b149fe5071b283a73d47f52dad6ecc9ca887ac05b338e9d7831ee51913b7f8,MAST:WR 140/NIRSpec/IFU/S3D,2026-06-30T00:27:51Z
ifu_cubes,ifu_cubes/wr_140/jw01349010001_02103_00002_mirifulong_s3d.fits,122544000,4344bfeaa18c0af9d2dc2a5f9f0ca6ad1880e4699beedf655c3b19dc38f88b49,MAST:WR 140/NIRSpec/IFU/S3D,2026-06-30T00:27:52Z
ifu_cubes,ifu_cubes/wr_140/jw01349010001_02105_00003_mirifushort_s3d.fits,150062400,98a16b1761648b7980cbb75273600906e06ef012e823debee2a271683f00f699,MAST:WR 140/NIRSpec/IFU/S3D,2026-06-30T00:27:52Z
ifu_cubes,ifu_cubes/wr_140/jw01349010001_02101_00001_mirifushort_s3d.fits,162455040,b0a672b6e63f20994dc57e1677424ba09a98840517c2ec7d54707cb7d85acdc4,MAST:WR 140/NIRSpec/IFU/S3D,2026-06-30T00:27:52Z
ifu_cubes,ifu_cubes/wr_140/jw01349010001_02103_00004_mirifulong_s3d.fits,122544000,4e0bc9d079a76f955ea3cdad633b66924a99eae5bb0e4765f1562d7a28834ba0,MAST:WR 140/NIRSpec/IFU/S3D,2026-06-30T00:27:52Z
ifu_cubes,ifu_cubes/wr_140/jw01349010001_02105_00004_mirifulong_s3d.fits,107657280,003d3b2bc374d506b821f266ac78b51817ded34e4b5716918230223cbe831795,MAST:WR 140/NIRSpec/IFU/S3D,2026-06-30T00:27:52Z
ifu_cubes,ifu_cubes/wr_140/jw01349010001_02105_00003_mirifulong_s3d.fits,107657280,b65fc46717d972ffaa0d05bf5fd4625385f6c9176baa8b703c3abac68fdcc77e,MAST:WR 140/NIRSpec/IFU/S3D,2026-06-30T00:27:52Z
ifu_cubes,ifu_cubes/stephans_quintet/jw02732005001_02103_00001_mirifulong_s3d.fits,117924480,f3946eb8c3e674f8fab9cba349e593086d34826990b9096196a4a5f7710e6227,MAST:Stephan's Quintet/NIRSpec/IFU/S3D,2026-06-30T00:28:11Z
ifu_cubes,ifu_cubes/stephans_quintet/jw02732004001_02101_00001_mirifushort_s3d.fits,155831040,18449bef40b659e9600badef47c49bec98b4e4ed9b9e79a55df57f75d1fae11e,MAST:Stephan's Quintet/NIRSpec/IFU/S3D,2026-06-30T00:28:11Z
ifu_cubes,ifu_cubes/stephans_quintet/jw02732005001_02105_00002_mirifulong_s3d.fits,103602240,c6085b3fdb8e2b3a3fb571b0b2de15388583faf72748adfd732b3c7df496b780,MAST:Stephan's Quintet/NIRSpec/IFU/S3D,2026-06-30T00:28:11Z
ifu_cubes,ifu_cubes/stephans_quintet/jw02732004001_02105_00001_mirifushort_s3d.fits,143691840,a9253d6bc825752f42f4f96e1c25a777c7eacde304cacd617edd40a29e5944c8,MAST:Stephan's Quintet/NIRSpec/IFU/S3D,2026-06-30T00:28:11Z
ifu_cubes,ifu_cubes/stephans_quintet/jw02732005001_02105_00001_mirifushort_s3d.fits,143691840,3a1da4aec3034e29207aa6eff641f8479c03bc445d74f4f2c6ff2e724bb8e4d5,MAST:Stephan's Quintet/NIRSpec/IFU/S3D,2026-06-30T00:28:11Z
ifu_cubes,ifu_cubes/cas_a/jw01947003001_02101_00001_mirifulong_s3d.fits,140739840,2d7706fa3114a53bdbe4b88f4bda57c50b9183156ebae0a1e48a0762bdbe0c8d,MAST:Cas A/NIRSpec/IFU/S3D,2026-06-30T00:28:26Z
ifu_cubes,ifu_cubes/cas_a/jw01947003001_02101_00003_mirifushort_s3d.fits,169367040,9df1ae74fb6e4d9c89627e69410557706f910ca2f0d42bbf54848416872f5fa5,MAST:Cas A/NIRSpec/IFU/S3D,2026-06-30T00:28:26Z
ifu_cubes,ifu_cubes/cas_a/jw01947003001_02101_00002_mirifushort_s3d.fits,169367040,193493cbea0898bb912827397fb59cedc1f137c18c375788a837402406bade07,MAST:Cas A/NIRSpec/IFU/S3D,2026-06-30T00:28:26Z
ifu_cubes,ifu_cubes/cas_a/jw01947003001_02101_00002_mirifulong_s3d.fits,140739840,9e9d6d7f31cd2acd217dc114c3f6a21a92387ca085c0357418ceebd587548961,MAST:Cas A/NIRSpec/IFU/S3D,2026-06-30T00:28:26Z
ifu_cubes,ifu_cubes/cas_a/jw01947003001_02101_00004_mirifushort_s3d.fits,169367040,d36eaa6d80be1462777e444c414c215c014fdf746adee4d8f8450e3f443f0f67,MAST:Cas A/NIRSpec/IFU/S3D,2026-06-30T00:28:26Z
ifu_cubes,ifu_cubes/cas_a/jw01947003001_02101_00001_mirifushort_s3d.fits,169367040,9f5f085c1cd34bd745030a90150b045888ef621125d1c0d9f063c3385de6050c,MAST:Cas A/NIRSpec/IFU/S3D,2026-06-30T00:28:27Z
ifu_cubes,ifu_cubes/cas_a/jw01947003001_02103_00001_mirifushort_s3d.fits,163175040,edea270fce9b1729d9fd89eddd330fae76f286eb96dd8f7209a7fccb6920c784,MAST:Cas A/NIRSpec/IFU/S3D,2026-06-30T00:28:27Z
ifu_cubes,ifu_cubes/cas_a/jw01947003001_02101_00003_mirifulong_s3d.fits,140739840,0ccf55c47f26b27aa73b54b14bb8a649a8cdb48b6118698e998f0589a7dfa2b3,MAST:Cas A/NIRSpec/IFU/S3D,2026-06-30T00:28:27Z
ifu_cubes,ifu_cubes/cas_a/jw01947003001_02101_00004_mirifulong_s3d.fits,140739840,7663d04cd63da1a714a73ce124ff98f3f6e09edd0786319979a0db4617bc03de,MAST:Cas A/NIRSpec/IFU/S3D,2026-06-30T00:28:27Z
jwst_geometry,jwst_geometry/model_a/James_Webb_Space_Telescope_A_src.7z,66275657,f0e40095831e0a1db4dc693c96a83fa865e459104683ce0b734fcd9866020460,https://science.nasa.gov/3d-resources/james-webb-space-telescope-a/,2026-07-03T01:19:27Z
jwst_geometry,jwst_geometry/model_a/James_Webb_Space_Telescope_A.glb,4710016,ea4a53f71f1e7477d8b90e30d1299b2cb33faea18acdcaf831dc9d3ebf1b7750,https://science.nasa.gov/3d-resources/james-webb-space-telescope-a/,2026-07-03T01:19:28Z
jwst_geometry,jwst_geometry/model_a/James_Webb_Space_Telescope_A_preview.png,518892,a53474485946d90d84fce0bc8af85ec79ed6d2615420ede3a3ef08c480290c10,https://science.nasa.gov/3d-resources/james-webb-space-telescope-a/,2026-07-03T01:19:28Z
jwst_geometry,jwst_geometry/model_a/nasa-jwst-model-a.usdc,26412791,2ef613a2213de7b26a12a6e36ff80e536b4c096fa03d85ceae7e0755f04faf65,local-conversion-from:https://science.nasa.gov/3d-resources/james-webb-space-telescope-a/,2026-07-03T01:19:28Z
jwst_geometry,jwst_geometry/James_Webb_Space_Telescope_B_preview.png,481806,96787b362c04bc13fbe52da87021275e0d8c953a3ad632ce5e7fa438243cfc5a,https://github.com/nasa/NASA-3D-Resources/tree/master/3D%20Models/James%20Webb%20Space%20Telescope%20(B),2026-07-03T01:19:28Z
jwst_geometry,jwst_geometry/print_kit/All_pieces_with_supports.stl,2355184,f297e16895e4b33837b16ec6aaaae90cc38f015b047469fc2bd5a91c43931bc6,https://nasa3d.arc.nasa.gov/detail/jwst-all,2026-07-03T01:19:28Z
jwst_geometry,jwst_geometry/print_kit/All_pieces_with_supports.usdz,10999295,5a05a0a1d8e5609ffe50b3e381dfd998699f6c36887fd72a476920bc24312f65,local-conversion-from:https://nasa3d.arc.nasa.gov/detail/jwst-all,2026-07-03T01:19:28Z
jwst_ephemeris,jwst_ephemeris/jwst_horizons_vectors_earth_2022-01-01_2026-12-31_6h.csv,1973778,c9d85887bfac006178a0dee71f25543773c72659f6a26e967699257d7ae0359c,https://ssd.jpl.nasa.gov/api/horizons.api (id=-170),2026-07-03T01:19:47Z
jwst_ephemeris,jwst_ephemeris/jwst_horizons_vectors_sun_2022-01-01_2026-12-31_6h.csv,1901901,e330f73186e9ba5e5f28e333659e742c9d3ca18f56ac3eab713a8a9552fe6c0f,https://ssd.jpl.nasa.gov/api/horizons.api (id=-170),2026-07-03T01:19:47Z
env_lighting,env_lighting/starmaps/starmap_2020_8k.exr,130530278,dc6c4f413e85707a29a25a9451148154554ecca2c996f84fa8f47b65ef9ff7c4,https://svs.gsfc.nasa.gov/vis/a000000/a004800/a004851/starmap_2020_8k.exr,2026-07-03T01:19:55Z
env_lighting,env_lighting/starmaps/starmap_2020_16k.exr,443485587,19a1351f00c386a6e5eec4d67af96d5fc71edf6a1189941579b9498b52e7589a,https://svs.gsfc.nasa.gov/vis/a000000/a004800/a004851/starmap_2020_16k.exr,2026-07-03T01:20:03Z
env_lighting,env_lighting/starmaps/starmap_2020_8k_gal.exr,160735772,d70924422d3e0159764b16a19658784befcf73b97e06e5c16614860c1514bb58,https://svs.gsfc.nasa.gov/vis/a000000/a004800/a004851/starmap_2020_8k_gal.exr,2026-07-03T01:20:38Z
env_lighting,env_lighting/solar/tsis1_hsrs.csv,124850945,74f1c5e362f6944f2864e7291b8e564e43144648f43c84e0d0f5c49f2e4e4fc6,https://lasp.colorado.edu/lisird/latis/dap/tsis1_hsrs.csv,2026-07-03T01:20:45Z
env_lighting,env_lighting/optical_constants/Au_Johnson.yml,1707,9f4bdab6bd49f7c6a1c48b5fb5482c7448caf4b6de39594a34ecd66dcf592774,https://raw.githubusercontent.com/polyanskiy/refractiveindex.info-database/master/database/data/main/Au/nk/Johnson.yml,2026-07-03T01:21:32Z
env_lighting,env_lighting/optical_constants/Au_Babar.yml,2272,cd07320e131768da05ba3ce6c9fe25f25152e5c09ebaee5bdb47363151583b11,https://raw.githubusercontent.com/polyanskiy/refractiveindex.info-database/master/database/data/main/Au/nk/Babar.yml,2026-07-03T01:21:33Z
env_lighting,env_lighting/optical_constants/Al_McPeak.yml,11604,4cc03719aeee3f9c9ea2ecd78affeb3212fbd19a60988d228b59d4f78245a7ec,https://raw.githubusercontent.com/polyanskiy/refractiveindex.info-database/master/database/data/main/Al/nk/McPeak.yml,2026-07-03T01:21:33Z
env_lighting,env_lighting/optical_constants/Al_Mathewson.yml,1682,f38b698f11a5e502bec899ef9ab0e9dba3c005a8e20a210fa9245412656c420e,https://raw.githubusercontent.com/polyanskiy/refractiveindex.info-database/master/database/data/main/Al/nk/Mathewson.yml,2026-07-03T01:21:33Z
env_lighting,env_lighting/optical_constants/Si_Aspnes.yml,1824,766489862d0d4dc6011e9f078e556a4a24fe79622bec0b1f1a80b297c84ce00d,https://raw.githubusercontent.com/polyanskiy/refractiveindex.info-database/master/database/data/main/Si/nk/Aspnes.yml,2026-07-03T01:21:33Z
flight_refs,inspector_refs/jwst_commissioning_performance_2207.05632.pdf,13239022,45257b157530898ce2f0ee8a7eb80fcc9e3bded86bb594cabc8681b77e9a5e80,https://arxiv.org/pdf/2207.05632,2026-07-03T01:21:33Z
jwst_imagery_fits,jwst_imagery_fits/nircam_smacsj072337327/jw02736001001_02101_00009_nrca2_i2d.fits,118474560,e63d239f16047cd2563cbeb902f7ff523322fa1a02d3d8d3d6c9219063f79c18,https://mast.stsci.edu (astroquery NIRCAM/IMAGE I2D),2026-07-03T01:33:09Z
jwst_imagery_fits,jwst_imagery_fits/nircam_smacsj072337327/jw02736001001_02103_00001_nrca3_i2d.fits,119099520,28134df5e15fb08bf0c644632e663bb760300214d7abeee29217aeae3b8a5195,https://mast.stsci.edu (astroquery NIRCAM/IMAGE I2D),2026-07-03T01:33:09Z
jwst_imagery_fits,jwst_imagery_fits/nircam_smacsj072337327/jw02736001001_02103_00005_nrca1_i2d.fits,118696320,dacef23f580700c453b89f9327049ec595c7333d1e7c990fc8afbb581abe0700,https://mast.stsci.edu (astroquery NIRCAM/IMAGE I2D),2026-07-03T01:33:09Z
jwst_imagery_fits,jwst_imagery_fits/nircam_smacsj072337327/jw02736001001_02105_00004_nrca4_i2d.fits,118696320,716b5b7c4048d8cc9797f8ae5230096f9a54f38dcb0bfa217174b0aa17001f64,https://mast.stsci.edu (astroquery NIRCAM/IMAGE I2D),2026-07-03T01:33:09Z
jwst_imagery_fits,jwst_imagery_fits/nircam_smacsj072337327/jw02736001001_02101_00004_nrca1_i2d.fits,118696320,6a1d25f189d9f8c21924736ac072509612af613c5f5195e9d195ad9baf610b4f,https://mast.stsci.edu (astroquery NIRCAM/IMAGE I2D),2026-07-03T01:33:09Z
jwst_imagery_fits,jwst_imagery_fits/nircam_smacsj072337327/jw02736001001_02105_00004_nrcalong_i2d.fits,120248640,642855871e804fc02683de6d0d3779405fe17eb5251f115c3a83813216ecf430,https://mast.stsci.edu (astroquery NIRCAM/IMAGE I2D),2026-07-03T01:33:09Z
jwst_imagery_fits,jwst_imagery_fits/nircam_smacsj072337327/jw02736001001_02105_00004_nrca1_i2d.fits,118696320,583bf1438c2dfd8b630e85c9a5d164126ac01583a1d4116c0a5afed2bb7d95c3,https://mast.stsci.edu (astroquery NIRCAM/IMAGE I2D),2026-07-03T01:33:09Z
jwst_imagery_fits,jwst_imagery_fits/nircam_smacsj072337327/jw02736001001_02105_00005_nrca2_i2d.fits,118474560,0f5e7c87c3fa859eae37b455f0c199fdf0e06e5ec3ea2d3aaad19837fef222d6,https://mast.stsci.edu (astroquery NIRCAM/IMAGE I2D),2026-07-03T01:33:09Z
jwst_imagery_fits,jwst_imagery_fits/nircam_ngc3132/jw02733001001_02103_00002_nrcb3_i2d.fits,118696320,cf8f0ef159d7f558d9176cc2572c9d237a9862e003d748b7112136e991e42096,https://mast.stsci.edu (astroquery NIRCAM/IMAGE I2D),2026-07-03T01:33:09Z
jwst_imagery_fits,jwst_imagery_fits/nircam_ngc3132/jw02733001001_02103_00005_nrcblong_i2d.fits,120248640,5287b7dc7e7e904580b2adb7cbc6eb87358481446fdcc0e104918f445a9a369a,https://mast.stsci.edu (astroquery NIRCAM/IMAGE I2D),2026-07-03T01:33:09Z
jwst_imagery_fits,jwst_imagery_fits/nircam_ngc3132/jw02733001001_02105_00002_nrcb2_i2d.fits,118696320,e81825236d8d176327e23f0b76743f6c223f8ee614c6526e338327a05dd68bdc,https://mast.stsci.edu (astroquery NIRCAM/IMAGE I2D),2026-07-03T01:33:09Z
jwst_imagery_fits,jwst_imagery_fits/nircam_ngc3132/jw02733001001_02103_00008_nrcb4_i2d.fits,119039040,c5043e6e0cda78758db6df68cf58cbab1d40f2867ba25c9e0c20be30e90a42dd,https://mast.stsci.edu (astroquery NIRCAM/IMAGE I2D),2026-07-03T01:33:09Z
jwst_imagery_fits,jwst_imagery_fits/nircam_ngc3132/jw02733001001_02103_00004_nrcb2_i2d.fits,118696320,8552a2a55e61cefb2cf7da27ec322047af113924d5529909d4863716b950a2dd,https://mast.stsci.edu (astroquery NIRCAM/IMAGE I2D),2026-07-03T01:33:09Z
jwst_imagery_fits,jwst_imagery_fits/nircam_ngc3132/jw02733001001_02101_00007_nrcb2_i2d.fits,118696320,8d9c957547852894ab7b9cef7252384d86ee37bcccf382a0afb2250e73f996bb,https://mast.stsci.edu (astroquery NIRCAM/IMAGE I2D),2026-07-03T01:33:09Z
jwst_imagery_fits,jwst_imagery_fits/nircam_ngc3132/jw02733001001_02103_00006_nrcb4_i2d.fits,119039040,6d9333523c804f31fd2581621129fa6493fcab481c97e00ff40a8c5870258bf2,https://mast.stsci.edu (astroquery NIRCAM/IMAGE I2D),2026-07-03T01:33:09Z
jwst_imagery_fits,jwst_imagery_fits/nircam_ngc3132/jw02733001001_02101_00007_nrcb4_i2d.fits,119039040,702394cc1f4f11b47d93b6873ddd7f4bade373a615b84ad9a34b43ee1b010b49,https://mast.stsci.edu (astroquery NIRCAM/IMAGE I2D),2026-07-03T01:33:09Z
jwst_imagery_fits,jwst_imagery_fits/nircam_stephansquintet/jw02732001001_02101_00002_nrcb1_i2d.fits,118474560,8377e7d1ae2096ee7f032915e363c1117c17a14880ccd4213032dfc29ba18e2f,https://mast.stsci.edu (astroquery NIRCAM/IMAGE I2D),2026-07-03T01:33:09Z
jwst_imagery_fits,jwst_imagery_fits/nircam_stephansquintet/jw02732001001_02105_00005_nrcb3_i2d.fits,118696320,a0e546b1d4b3dfec4995c1f932254118b6f962b4f0d0787f072242ca5964073a,https://mast.stsci.edu (astroquery NIRCAM/IMAGE I2D),2026-07-03T01:33:09Z
jwst_imagery_fits,jwst_imagery_fits/nircam_stephansquintet/jw02732001001_02103_00002_nrcb2_i2d.fits,118696320,afa73a4bff347666db6ebb2a72beae5995a6a2f5b940e1aa43a21a607e46dd72,https://mast.stsci.edu (astroquery NIRCAM/IMAGE I2D),2026-07-03T01:33:09Z
jwst_imagery_fits,jwst_imagery_fits/nircam_stephansquintet/jw02732001001_02105_00003_nrcb1_i2d.fits,118474560,f3f34bf34580e519d0c7c4bb30161adf69f1a315dc349c3c3bde4213b5c0f798,https://mast.stsci.edu (astroquery NIRCAM/IMAGE I2D),2026-07-03T01:33:09Z
jwst_imagery_fits,jwst_imagery_fits/nircam_stephansquintet/jw02732001002_02103_00002_nrcalong_i2d.fits,120248640,cabede2395e1c08cae79afd45fc8506aed7ce85f6cf1066f8f523c7fa609e0e8,https://mast.stsci.edu (astroquery NIRCAM/IMAGE I2D),2026-07-03T01:33:09Z
jwst_imagery_fits,jwst_imagery_fits/nircam_stephansquintet/jw02732001001_02103_00001_nrca3_i2d.fits,119099520,73bc59dac9c39c8162b307728052430c341a1433eece6c510a5357a925d777a0,https://mast.stsci.edu (astroquery NIRCAM/IMAGE I2D),2026-07-03T01:33:09Z
jwst_imagery_fits,jwst_imagery_fits/nircam_stephansquintet/jw02732001001_02101_00004_nrca1_i2d.fits,118696320,bb5af88552e53a4d99e57da0ad5f32ad669ea57adb5e4dd0c5a40759184cc2a8,https://mast.stsci.edu (astroquery NIRCAM/IMAGE I2D),2026-07-03T01:33:09Z
jwst_imagery_fits,jwst_imagery_fits/nircam_stephansquintet/jw02732001001_02101_00005_nrca2_i2d.fits,118514880,669c568dfb27b6cfb3015bb9c1b2984cba630727f9db0dc6711328db3d0adddf,https://mast.stsci.edu (astroquery NIRCAM/IMAGE I2D),2026-07-03T01:33:09Z
speed_plus,speed_plus/speedplusv2.zip,16928863098,062ad3d1309841fe072330c745790181cfcfede6fe3c7d4164003103ed7568d3,https://zenodo.org/api/records/5588480/files/speedplusv2.zip/content,2026-07-03T01:18:54Z
speed_plus,speed_plus/zenodo_record_5588480.json,6730,402dd5c3eb902fa5cea1f2f5cfa465838b75533f8b3a2446c9c2bdf25fb7c6a0,https://zenodo.org/api/records/5588480,2026-07-03T01:34:49Z
